amp|29
iran|11
https|12
president|16
donald|14
repeal|19
family|11
braddjaffy|11
week|12
bill|18
trump|172
clinton|30
trumps|29
realdonaldtrump|14
look|11
bill|11
collusion|21
week|18
america|20
https|14
president|26
clinton|18
amp|12
gop|14
repeal|15
meeting|15
russia|15
news|13
trumps|20
trump|165
donald|16
trump|159
https|13
meeting|16
russia|12
repeal|11
cant|19
donald|15
trumps|24
clinton|24
bill|16
amp|15
america|20
week|12
repeal|15
https|12
braddjaffy|13
clinton|14
bill|14
president|20
cant|11
week|12
america|12
meeting|11
trumps|22
realdonaldtrump|18
joke|11
amp|16
russia|11
trump|161
care|11
america|12
potus|11
obamacare|11
clinton|13
amp|24
trumps|36
bill|17
repeal|15
president|17
trump|157
clinton|18
https|11
america|12
donald|15
gop|13
amp|20
trumps|37
obamacare|11
repeal|22
trump|154
president|19
bill|21
senate|13
https|15
president|11
bill|12
clinton|16
week|12
iran|11
amp|16
braddjaffy|12
russian|14
donald|15
jr|12
mcconnell|12
repeal|19
mitchellvii|11
america|19
trump|191
trumps|27
bill|16
gop|14
products|11
dont|11
mcconnell|15
braddjaffy|11
httpst|13
president|24
repeal|23
https|20
russia|16
thehill|11
clinton|13
donald|11
jr|12
amp|20
meeting|22
week|18
america|31
house|11
trumps|32
realdonaldtrump|17
trump|186
donald|11
meeting|17
trumps|22
repeal|20
https|12
bill|18
america|15
president|16
clinton|16
trump|157
amp|22
meeting|16
cant|12
https|14
america|15
trumps|23
russia|16
amp|18
realdonaldtrump|11
hillary|11
clinton|17
obamacare|14
repeal|15
president|16
bill|18
call|13
trump|161
realdonaldtrump|11
russia|16
america|11
russian|16
meeting|15
amp|18
president|16
trumps|22
clinton|16
bill|15
trump|172
gop|11
deal|15
iran|11
america|13
collusion|15
donald|17
obamacare|13
senate|11
https|11
meeting|14
ok|15
clinton|12
bill|13
repeal|23
president|16
trumps|22
week|12
trump|183
donald|16
president|19
repeal|23
bill|17
trumps|31
mcconnell|19
week|11
amp|20
america|12
https|11
meeting|17
trump|162
president|20
joke|12
meeting|13
collusion|14
bill|14
week|11
jr|11
america|17
amp|17
repeal|14
donald|15
clinton|16
trumps|30
trump|174
president|14
cant|13
week|11
clinton|15
america|18
hillary|12
donald|13
meeting|12
repeal|12
amp|19
news|12
trumps|31
trump|161
jr|12
clinton|16
trumps|32
week|12
america|13
amp|26
iran|11
meeting|17
realdonaldtrump|11
obamacare|12
repeal|24
mcconnell|12
president|17
bill|11
trump|148
meeting|12
campaign|12
week|11
america|11
president|11
via|12
clinton|13
gop|13
repeal|17
trumps|20
trump|130
amp|13
president|14
amp|11
cant|11
repeal|14
bill|19
senate|11
trumps|24
https|12
clinton|13
donald|14
america|18
trump|147
httpstcortpksxefnu|26
generator|26
itstoomuch|26
tweet|57
iran|12
meeting|13
donald|39
clinton|14
russia|15
repeal|18
russian|12
week|15
america|19
president|41
trumps|21
potus|13
https|11
bill|12
trump|220
amp|18
cant|11
gop|19
clinton|12
realdonaldtrump|16
trumps|25
https|11
meeting|12
america|18
amp|20
russia|14
repeal|16
iran|14
president|20
tweet|11
trump|153
