trumps,12
trump,57
https,13
clinton,18
via,12
meeting,12
trumps,23
russia,11
repeal,12
jr,11
trump,132
russia,12
amp,23
repeal,13
meeting,12
donald,14
america,14
trumps,24
realdonaldtrump,11
trump,146
president,13
russian,19
donald,13
bill,12
amp,20
repeal,17
https,11
trumps,35
meeting,16
jr,15
trump,128
mccain,12
meeting,11
https,11
russia,14
amp,20
trumps,16
trump,119
kylegriffin,11
america,14
mccain,13
trumps,23
via,14
clinton,22
https,23
repeal,14
trump,152
president,14
mccain,12
russian,12
via,11
realdonaldtrump,12
president,13
https,14
meeting,14
amp,19
repeal,16
donald,12
house,11
russia,11
trumps,20
clinton,17
trump,160
repeal,14
mccain,17
clinton,16
trumps,13
bill,11
amp,13
russian,11
braddjaffy,14
russia,11
trump,141
president,22
amp,28
america,14
president,13
meeting,11
trump,136
trumps,26
amp,17
president,11
russian,14
donald,13
america,15
meeting,12
months,11
six,11
trumps,29
trump,146
https,12
america,11
repeal,17
president,17
russian,12
trumps,24
amp,16
war,12
mccain,11
declared,11
via,13
meeting,12
trump,136
clinton,11
realdonaldtrump,11
bill,14
america,11
amp,14
president,14
https,14
repeal,15
clinton,15
trumps,21
mccain,13
ago,11
braddjaffy,16
trump,149
cnn,11
clinton,12
amp,18
repeal,11
https,13
america,13
meeting,13
russian,13
trumps,23
trump,140
donald,13
president,13
via,12
realdonaldtrump,11
america,12
trumps,25
meeting,12
amp,16
repeal,14
trump,141
donald,11
president,16
meeting,11
russia,12
amp,13
russian,12
trumps,23
peopl,11
hero,11
war,11
pow,11
spent,12
mccain,14
john,11
declared,11
ago,11
braddjaffy,12
president,13
trump,145
repeal,11
amp,12
trumps,19
president,15
trump,122
amp,13
https,14
realdonaldtrump,11
russia,14
trumps,18
meeting,13
clinton,26
america,11
repeal,11
trump,120
realdonaldtrump,11
meeting,11
president,14
amp,16
trumps,33
via,13
trump,136
via,12
america,12
meeting,17
president,12
trumps,17
mccain,11
repeal,12
amp,19
trump,130
mccain,12
via,12
neverrepeal,15
clinton,11
president,13
aca,11
amp,20
trumps,22
funder,11
meeting,11
trump,129
isnt,13
realdonaldtrump,11
russian,13
trumps,23
via,14
white,11
repeal,11
trump,116
amp,12
repeal,16
clinton,11
russian,12
amp,22
trumps,22
meeting,13
jr,11
trump,136
neverrepeal,11
russia,14
ago,11
braddjaffy,13
via,12
week,11
trumps,17
realdonaldtrump,12
amp,11
repeal,16
trump,129
collusion,11
donald,15
clinton,11
president,15
https,11
week,14
russia,12
america,17
trump,142
amp,14
trumps,28
america,13
administration,13
trumps,39
https,11
realdonaldtrump,11
repeal,14
funder,12
amp,13
trump,133
meeting,17
httpstconocazug,31
comments,31
creepy,31
response,31
savage,31
australian,31
lifefact,31
president,19
repeal,11
official,32
trumps,51
trump,131
president,13
clinton,12
meeting,12
amp,16
trumps,15
repeal,16
trump,133
president,14
senate,12
donald,13
america,12
via,12
trumps,21
bill,15
meeting,14
trump,139
repeal,12
amp,16
clinton,12
collusion,13
week,16
america,15
president,22
trump,140
trumps,14
president,12
via,13
clinton,16
amp,23
america,11
repeal,13
trumps,17
trump,130
gop,12
meeting,12
donald,14
president,19
amp,19
trumps,23
obamacare,21
repeal,20
republicans,11
news,14
trump,174
meeting,13
day,11
bill,13
via,13
amp,17
trumps,18
trump,121
repeal,11
meeting,14
trumps,20
repeal,11
donald,11
russia,12
trump,139
amp,18
via,14
amp,15
trumps,19
trump,119
president,12
amp,11
russia,13
bill,14
trumps,21
trump,121
amp,11
bill,12
donald,13
president,11
realdonaldtrump,17
meeting,12
trump,136
trumps,33
obamacare,11
repeal,14
